Step,Device,Power(W)
0,device_PV,-0.00
0,device_Load1,719.80
0,device_Load2,2741.64
0,device_EV,0.00
0,device_ESS,-1038.56
1,device_PV,-0.00
1,device_Load1,713.15
1,device_Load2,2653.28
1,device_EV,0.00
1,device_ESS,-1133.58
2,device_PV,-469.32
2,device_Load1,815.33
2,device_Load2,2653.22
2,device_EV,0.00
2,device_ESS,-1500.76
3,device_PV,-219.56
3,device_Load1,920.69
3,device_Load2,2587.18
3,device_EV,0.00
3,device_ESS,-1211.70
4,device_PV,-0.00
4,device_Load1,736.37
4,device_Load2,2765.60
4,device_EV,0.00
4,device_ESS,-998.02
5,device_PV,-0.00
5,device_Load1,913.71
5,device_Load2,2786.36
5,device_EV,0.00
5,device_ESS,-799.93
6,device_PV,-662.51
6,device_Load1,991.23
6,device_Load2,2547.73
6,device_EV,0.00
6,device_ESS,-1623.54
7,device_PV,-0.00
7,device_Load1,785.98
7,device_Load2,2590.85
7,device_EV,0.00
7,device_ESS,-1123.17
8,device_PV,-228.84
8,device_Load1,712.59
8,device_Load2,2870.72
8,device_EV,0.00
8,device_ESS,-1145.53
9,device_PV,-0.00
9,device_Load1,835.23
9,device_Load2,2584.44
9,device_EV,0.00
9,device_ESS,-1080.33
10,device_PV,-0.00
10,device_Load1,916.51
10,device_Load2,2857.05
10,device_EV,0.00
10,device_ESS,-726.44
11,device_PV,-745.98
11,device_Load1,721.09
11,device_Load2,2889.39
11,device_EV,0.00
11,device_ESS,-1635.50
12,device_PV,-655.11
12,device_Load1,984.02
12,device_Load2,2560.63
12,device_EV,0.00
12,device_ESS,-1610.45
13,device_PV,-190.87
13,device_Load1,950.22
13,device_Load2,2802.38
13,device_EV,0.00
13,device_ESS,-938.26
14,device_PV,-0.00
14,device_Load1,744.31
14,device_Load2,2781.79
14,device_EV,0.00
14,device_ESS,-973.90
15,device_PV,-107.77
15,device_Load1,977.64
15,device_Load2,2717.43
15,device_EV,0.00
15,device_ESS,-912.70
16,device_PV,-85.27
16,device_Load1,963.95
16,device_Load2,2574.77
16,device_EV,0.00
16,device_ESS,-1046.54
17,device_PV,-0.00
17,device_Load1,1008.74
17,device_Load2,2817.35
17,device_EV,0.00
17,device_ESS,-673.91
18,device_PV,-49.23
18,device_Load1,797.43
18,device_Load2,2681.28
18,device_EV,0.00
18,device_ESS,-1070.52
19,device_PV,-0.00
19,device_Load1,738.99
19,device_Load2,2603.58
19,device_EV,0.00
19,device_ESS,-1157.43
20,device_PV,-620.62
20,device_Load1,932.73
20,device_Load2,2567.03
20,device_EV,0.00
20,device_ESS,-1620.86
21,device_PV,-336.94
21,device_Load1,745.45
21,device_Load2,2619.29
21,device_EV,0.00
21,device_ESS,-1472.20
22,device_PV,-0.00
22,device_Load1,900.59
22,device_Load2,2859.15
22,device_EV,0.00
22,device_ESS,-740.26
23,device_PV,-550.16
23,device_Load1,803.11
23,device_Load2,2779.45
23,device_EV,0.00
23,device_ESS,-1467.60
24,device_PV,-0.00
24,device_Load1,1074.28
24,device_Load2,2755.14
24,device_EV,0.00
24,device_ESS,-670.58
25,device_PV,-61.30
25,device_Load1,941.69
25,device_Load2,2539.40
25,device_EV,0.00
25,device_ESS,-1080.21
26,device_PV,-0.00
26,device_Load1,1069.46
26,device_Load2,2865.88
26,device_EV,0.00
26,device_ESS,-564.65
27,device_PV,-695.94
27,device_Load1,889.07
27,device_Load2,2793.84
27,device_EV,0.00
27,device_ESS,-1513.04
28,device_PV,-0.00
28,device_Load1,1019.26
28,device_Load2,2827.54
28,device_EV,0.00
28,device_ESS,-653.20
29,device_PV,-0.00
29,device_Load1,871.40
29,device_Load2,2817.61
29,device_EV,0.00
29,device_ESS,-811.00
30,device_PV,-0.00
30,device_Load1,1105.26
30,device_Load2,2841.04
30,device_EV,0.00
30,device_ESS,-553.70
31,device_PV,-0.00
31,device_Load1,1008.97
31,device_Load2,2711.63
31,device_EV,0.00
31,device_ESS,-779.39
32,device_PV,-0.00
32,device_Load1,1092.80
32,device_Load2,2665.42
32,device_EV,0.00
32,device_ESS,-741.79
33,device_PV,-118.81
33,device_Load1,811.30
33,device_Load2,2892.81
33,device_EV,0.00
33,device_ESS,-914.69
34,device_PV,-0.00
34,device_Load1,848.92
34,device_Load2,2867.89
34,device_EV,0.00
34,device_ESS,-783.19
35,device_PV,-626.59
35,device_Load1,966.04
35,device_Load2,2631.62
35,device_EV,0.00
35,device_ESS,-1528.93
36,device_PV,-360.92
36,device_Load1,1125.79
36,device_Load2,2647.91
36,device_EV,0.00
36,device_ESS,-1087.22
37,device_PV,-229.96
37,device_Load1,980.21
37,device_Load2,2600.45
37,device_EV,0.00
37,device_ESS,-1149.30
38,device_PV,-487.04
38,device_Load1,1156.25
38,device_Load2,2630.14
38,device_EV,0.00
38,device_ESS,-1200.65
39,device_PV,-0.00
39,device_Load1,967.44
39,device_Load2,2836.89
39,device_EV,0.00
39,device_ESS,-695.67
40,device_PV,-0.00
40,device_Load1,959.41
40,device_Load2,2861.30
40,device_EV,0.00
40,device_ESS,-679.29
41,device_PV,-279.83
41,device_Load1,999.05
41,device_Load2,2896.47
41,device_EV,0.00
41,device_ESS,-884.31
42,device_PV,-0.00
42,device_Load1,1063.39
42,device_Load2,2544.46
42,device_EV,0.00
42,device_ESS,-892.15
43,device_PV,-644.80
43,device_Load1,1099.73
43,device_Load2,2692.64
43,device_EV,0.00
43,device_ESS,-1352.43
44,device_PV,-0.00
44,device_Load1,1009.72
44,device_Load2,2870.97
44,device_EV,0.00
44,device_ESS,-619.31
45,device_PV,-0.00
45,device_Load1,1006.10
45,device_Load2,2562.40
45,device_EV,0.00
45,device_ESS,-931.50
46,device_PV,-353.40
46,device_Load1,980.73
46,device_Load2,2762.37
46,device_EV,0.00
46,device_ESS,-1110.30
47,device_PV,-275.12
47,device_Load1,1104.89
47,device_Load2,2666.82
47,device_EV,0.00
47,device_ESS,-1003.41
48,device_PV,-0.00
48,device_Load1,1381.24
48,device_Load2,2781.35
48,device_EV,0.00
48,device_ESS,-337.41
49,device_PV,-517.53
49,device_Load1,1336.73
49,device_Load2,2544.86
49,device_EV,0.00
49,device_ESS,-1135.93
50,device_PV,-648.73
50,device_Load1,1227.19
50,device_Load2,2563.58
50,device_EV,0.00
50,device_ESS,-1357.97
51,device_PV,-0.00
51,device_Load1,1198.16
51,device_Load2,2755.37
51,device_EV,0.00
51,device_ESS,-546.47
52,device_PV,-0.00
52,device_Load1,1226.10
52,device_Load2,2848.48
52,device_EV,0.00
52,device_ESS,-425.42
53,device_PV,-0.00
53,device_Load1,1252.21
53,device_Load2,2691.42
53,device_EV,0.00
53,device_ESS,-556.37
54,device_PV,-579.96
54,device_Load1,1211.04
54,device_Load2,2864.88
54,device_EV,0.00
54,device_ESS,-1004.04
55,device_PV,-12.26
55,device_Load1,1242.47
55,device_Load2,2815.67
55,device_EV,0.00
55,device_ESS,-454.12
56,device_PV,-164.88
56,device_Load1,1257.66
56,device_Load2,2626.52
56,device_EV,0.00
56,device_ESS,-780.69
57,device_PV,-489.96
57,device_Load1,1270.32
57,device_Load2,2836.38
57,device_EV,0.00
57,device_ESS,-883.26
58,device_PV,-345.86
58,device_Load1,1337.79
58,device_Load2,2666.49
58,device_EV,0.00
58,device_ESS,-841.58
59,device_PV,-0.00
59,device_Load1,1260.18
59,device_Load2,2850.80
59,device_EV,0.00
59,device_ESS,-389.02
60,device_PV,-347.83
60,device_Load1,1327.65
60,device_Load2,2625.63
60,device_EV,0.00
60,device_ESS,-894.55
61,device_PV,-134.31
61,device_Load1,1400.21
61,device_Load2,2855.52
61,device_EV,0.00
61,device_ESS,-378.59
62,device_PV,-0.00
62,device_Load1,1564.57
62,device_Load2,2546.69
62,device_EV,0.00
62,device_ESS,-388.74
63,device_PV,-0.00
63,device_Load1,1347.81
63,device_Load2,2554.57
63,device_EV,0.00
63,device_ESS,-597.62
64,device_PV,-0.00
64,device_Load1,1361.34
64,device_Load2,2617.21
64,device_EV,0.00
64,device_ESS,-521.44
65,device_PV,-0.00
65,device_Load1,1587.59
65,device_Load2,2620.16
65,device_EV,0.00
65,device_ESS,-292.26
66,device_PV,-0.00
66,device_Load1,1384.47
66,device_Load2,2508.58
66,device_EV,0.00
66,device_ESS,-606.94
67,device_PV,-124.02
67,device_Load1,1355.50
67,device_Load2,2805.00
67,device_EV,0.00
67,device_ESS,-463.51
68,device_PV,-366.84
68,device_Load1,1575.17
68,device_Load2,2732.23
68,device_EV,0.00
68,device_ESS,-559.43
69,device_PV,-0.00
69,device_Load1,1504.12
69,device_Load2,2887.10
69,device_EV,0.00
69,device_ESS,-108.78
70,device_PV,-248.12
70,device_Load1,1430.97
70,device_Load2,2881.30
70,device_EV,0.00
70,device_ESS,-435.85
71,device_PV,-128.70
71,device_Load1,1385.46
71,device_Load2,2563.89
71,device_EV,0.00
71,device_ESS,-679.34
72,device_PV,-524.27
72,device_Load1,1709.25
72,device_Load2,2570.78
72,device_EV,0.00
72,device_ESS,-744.24
73,device_PV,-0.00
73,device_Load1,1583.11
73,device_Load2,2668.13
73,device_EV,0.00
73,device_ESS,-248.76
74,device_PV,-564.51
74,device_Load1,1791.56
74,device_Load2,2619.65
74,device_EV,0.00
74,device_ESS,-653.29
75,device_PV,-0.00
75,device_Load1,1739.06
75,device_Load2,2603.43
75,device_EV,0.00
75,device_ESS,-157.50
76,device_PV,-0.00
76,device_Load1,1569.68
76,device_Load2,2661.20
76,device_EV,0.00
76,device_ESS,-269.12
77,device_PV,-630.75
77,device_Load1,1751.26
77,device_Load2,2641.57
77,device_EV,0.00
77,device_ESS,-737.93
78,device_PV,-0.00
78,device_Load1,1518.27
78,device_Load2,2545.63
78,device_EV,0.00
78,device_ESS,-436.10
79,device_PV,-102.17
79,device_Load1,1517.90
79,device_Load2,2554.79
79,device_EV,0.00
79,device_ESS,-529.48
80,device_PV,-19.25
80,device_Load1,1595.95
80,device_Load2,2591.60
80,device_EV,0.00
80,device_ESS,-331.71
81,device_PV,-496.43
81,device_Load1,1762.85
81,device_Load2,2880.11
81,device_EV,0.00
81,device_ESS,-353.47
82,device_PV,-535.98
82,device_Load1,1792.17
82,device_Load2,2769.22
82,device_EV,0.00
82,device_ESS,-474.59
83,device_PV,-708.77
83,device_Load1,1645.70
83,device_Load2,2709.54
83,device_EV,0.00
83,device_ESS,-853.53
84,device_PV,-2266.69
84,device_Load1,1799.90
84,device_Load2,2831.95
84,device_EV,0.00
84,device_ESS,-2134.84
85,device_PV,-1080.35
85,device_Load1,1764.00
85,device_Load2,2783.72
85,device_EV,0.00
85,device_ESS,-1032.63
86,device_PV,-1345.09
86,device_Load1,1898.60
86,device_Load2,2880.41
86,device_EV,0.00
86,device_ESS,-1066.08
87,device_PV,-1330.75
87,device_Load1,1713.50
87,device_Load2,2574.33
87,device_EV,0.00
87,device_ESS,-1542.92
88,device_PV,-1873.31
88,device_Load1,1754.82
88,device_Load2,2514.55
88,device_EV,0.00
88,device_ESS,-2103.93
89,device_PV,-2086.46
89,device_Load1,1766.31
89,device_Load2,2831.92
89,device_EV,0.00
89,device_ESS,-1988.23
90,device_PV,-1056.31
90,device_Load1,1879.73
90,device_Load2,2638.78
90,device_EV,0.00
90,device_ESS,-1037.80
91,device_PV,-2065.71
91,device_Load1,1776.58
91,device_Load2,2622.47
91,device_EV,0.00
91,device_ESS,-2166.66
92,device_PV,-1472.26
92,device_Load1,2004.71
92,device_Load2,2554.11
92,device_EV,0.00
92,device_ESS,-1413.45
93,device_PV,-1036.43
93,device_Load1,1748.37
93,device_Load2,2686.64
93,device_EV,0.00
93,device_ESS,-1101.42
94,device_PV,-1913.35
94,device_Load1,1995.95
94,device_Load2,2614.19
94,device_EV,0.00
94,device_ESS,-1803.22
95,device_PV,-1649.87
95,device_Load1,1923.26
95,device_Load2,2689.81
95,device_EV,0.00
95,device_ESS,-1536.79
96,device_PV,-2682.77
96,device_Load1,1975.81
96,device_Load2,5617.98
96,device_EV,0.00
96,device_ESS,411.03
97,device_PV,-2396.11
97,device_Load1,1918.03
97,device_Load2,5826.25
97,device_EV,0.00
97,device_ESS,848.17
98,device_PV,-2662.35
98,device_Load1,1975.29
98,device_Load2,5736.61
98,device_EV,0.00
98,device_ESS,549.55
99,device_PV,-2531.09
99,device_Load1,2176.50
99,device_Load2,5833.22
99,device_EV,0.00
99,device_ESS,978.63
100,device_PV,-3471.05
100,device_Load1,1922.49
100,device_Load2,5538.99
100,device_EV,0.00
100,device_ESS,-509.56
101,device_PV,-3356.03
101,device_Load1,2023.83
101,device_Load2,5716.93
101,device_EV,0.00
101,device_ESS,-115.27
102,device_PV,-2970.53
102,device_Load1,2078.47
102,device_Load2,5566.77
102,device_EV,0.00
102,device_ESS,174.71
103,device_PV,-2302.39
103,device_Load1,1929.99
103,device_Load2,5762.88
103,device_EV,0.00
103,device_ESS,890.48
104,device_PV,-3705.47
104,device_Load1,2132.48
104,device_Load2,5596.88
104,device_EV,0.00
104,device_ESS,-476.11
105,device_PV,-2835.38
105,device_Load1,2113.83
105,device_Load2,5710.65
105,device_EV,0.00
105,device_ESS,489.10
106,device_PV,-2455.79
106,device_Load1,2109.53
106,device_Load2,5575.67
106,device_EV,0.00
106,device_ESS,729.41
107,device_PV,-3171.11
107,device_Load1,2089.03
107,device_Load2,5654.57
107,device_EV,0.00
107,device_ESS,72.49
108,device_PV,-4210.81
108,device_Load1,2285.32
108,device_Load2,5870.59
108,device_EV,0.00
108,device_ESS,-554.89
109,device_PV,-4796.08
109,device_Load1,2203.61
109,device_Load2,5595.36
109,device_EV,0.00
109,device_ESS,-1497.12
110,device_PV,-3606.96
110,device_Load1,2331.63
110,device_Load2,5819.49
110,device_EV,0.00
110,device_ESS,44.16
111,device_PV,-4829.98
111,device_Load1,2312.43
111,device_Load2,5635.02
111,device_EV,0.00
111,device_ESS,-1382.53
112,device_PV,-4276.52
112,device_Load1,2302.36
112,device_Load2,5813.56
112,device_EV,0.00
112,device_ESS,-660.60
113,device_PV,-4933.69
113,device_Load1,2088.15
113,device_Load2,5579.23
113,device_EV,0.00
113,device_ESS,-1766.31
114,device_PV,-3728.07
114,device_Load1,2287.13
114,device_Load2,5566.48
114,device_EV,0.00
114,device_ESS,-374.47
115,device_PV,-4171.84
115,device_Load1,2266.99
115,device_Load2,5571.53
115,device_EV,0.00
115,device_ESS,-833.31
116,device_PV,-4599.42
116,device_Load1,2117.14
116,device_Load2,5530.67
116,device_EV,0.00
116,device_ESS,-1451.61
117,device_PV,-3662.04
117,device_Load1,2147.37
117,device_Load2,5674.00
117,device_EV,0.00
117,device_ESS,-340.67
118,device_PV,-3576.53
118,device_Load1,2349.26
118,device_Load2,5544.93
118,device_EV,0.00
118,device_ESS,-182.34
119,device_PV,-4698.92
119,device_Load1,2276.01
119,device_Load2,5660.63
119,device_EV,0.00
119,device_ESS,-1262.28
120,device_PV,-4624.75
120,device_Load1,2250.69
120,device_Load2,5539.11
120,device_EV,5000.00
120,device_ESS,3665.04
121,device_PV,-4934.94
121,device_Load1,2403.94
121,device_Load2,5717.59
121,device_EV,5000.00
121,device_ESS,3686.59
122,device_PV,-4645.46
122,device_Load1,2295.41
122,device_Load2,5641.46
122,device_EV,5000.00
122,device_ESS,3791.42
123,device_PV,-5114.28
123,device_Load1,2395.58
123,device_Load2,5640.35
123,device_EV,5000.00
123,device_ESS,3421.65
124,device_PV,-5932.34
124,device_Load1,2381.98
124,device_Load2,5834.63
124,device_EV,5000.00
124,device_ESS,2784.28
125,device_PV,-4708.71
125,device_Load1,2199.45
125,device_Load2,5619.15
125,device_EV,5000.00
125,device_ESS,3609.89
126,device_PV,-4694.11
126,device_Load1,2418.47
126,device_Load2,5631.25
126,device_EV,5000.00
126,device_ESS,3855.61
127,device_PV,-5698.66
127,device_Load1,2223.47
127,device_Load2,5583.20
127,device_EV,5000.00
127,device_ESS,2608.01
128,device_PV,-5862.02
128,device_Load1,2361.27
128,device_Load2,5829.97
128,device_EV,5000.00
128,device_ESS,2829.21
129,device_PV,-4624.68
129,device_Load1,2454.03
129,device_Load2,5779.42
129,device_EV,5000.00
129,device_ESS,4108.76
130,device_PV,-5477.56
130,device_Load1,2284.18
130,device_Load2,5841.14
130,device_EV,5000.00
130,device_ESS,3147.76
131,device_PV,-5829.45
131,device_Load1,2239.46
131,device_Load2,5752.50
131,device_EV,5000.00
131,device_ESS,2662.51
132,device_PV,-5760.02
132,device_Load1,2362.34
132,device_Load2,5626.51
132,device_EV,5000.00
132,device_ESS,2728.82
133,device_PV,-5303.05
133,device_Load1,2398.69
133,device_Load2,5789.85
133,device_EV,5000.00
133,device_ESS,3385.50
134,device_PV,-5574.85
134,device_Load1,2343.62
134,device_Load2,5531.67
134,device_EV,5000.00
134,device_ESS,2800.44
135,device_PV,-5073.22
135,device_Load1,2375.64
135,device_Load2,5540.07
135,device_EV,5000.00
135,device_ESS,3342.49
136,device_PV,-5604.23
136,device_Load1,2567.71
136,device_Load2,5635.33
136,device_EV,5000.00
136,device_ESS,3098.81
137,device_PV,-5308.02
137,device_Load1,2367.89
137,device_Load2,5735.63
137,device_EV,5000.00
137,device_ESS,3295.50
138,device_PV,-5890.15
138,device_Load1,2569.17
138,device_Load2,5541.17
138,device_EV,5000.00
138,device_ESS,2720.20
139,device_PV,-6464.44
139,device_Load1,2551.94
139,device_Load2,5652.50
139,device_EV,5000.00
139,device_ESS,2239.99
140,device_PV,-5932.22
140,device_Load1,2542.89
140,device_Load2,5567.82
140,device_EV,5000.00
140,device_ESS,2678.49
141,device_PV,-6073.13
141,device_Load1,2465.67
141,device_Load2,5854.84
141,device_EV,5000.00
141,device_ESS,2747.38
142,device_PV,-5483.98
142,device_Load1,2472.47
142,device_Load2,5595.04
142,device_EV,5000.00
142,device_ESS,3083.53
143,device_PV,-5417.57
143,device_Load1,2516.85
143,device_Load2,5807.24
143,device_EV,5000.00
143,device_ESS,3406.52
144,device_PV,-5537.05
144,device_Load1,2499.87
144,device_Load2,5810.63
144,device_EV,5000.00
144,device_ESS,3273.45
145,device_PV,-6606.84
145,device_Load1,2449.13
145,device_Load2,5581.94
145,device_EV,5000.00
145,device_ESS,1924.23
146,device_PV,-5906.55
146,device_Load1,2544.60
146,device_Load2,5873.02
146,device_EV,5000.00
146,device_ESS,3011.07
147,device_PV,-5790.03
147,device_Load1,2344.63
147,device_Load2,5856.53
147,device_EV,5000.00
147,device_ESS,2911.12
148,device_PV,-6712.46
148,device_Load1,2366.58
148,device_Load2,5806.25
148,device_EV,5000.00
148,device_ESS,1960.36
149,device_PV,-6673.60
149,device_Load1,2591.73
149,device_Load2,5632.17
149,device_EV,5000.00
149,device_ESS,2050.29
150,device_PV,-6011.37
150,device_Load1,2369.47
150,device_Load2,5882.79
150,device_EV,5000.00
150,device_ESS,2740.90
151,device_PV,-5874.57
151,device_Load1,2501.56
151,device_Load2,5713.48
151,device_EV,5000.00
151,device_ESS,2840.46
152,device_PV,-5578.19
152,device_Load1,2469.31
152,device_Load2,5875.19
152,device_EV,5000.00
152,device_ESS,3266.30
153,device_PV,-6285.08
153,device_Load1,2305.43
153,device_Load2,5725.19
153,device_EV,5000.00
153,device_ESS,2245.54
154,device_PV,-6189.84
154,device_Load1,2374.99
154,device_Load2,5531.79
154,device_EV,5000.00
154,device_ESS,2216.95
155,device_PV,-6139.24
155,device_Load1,2505.32
155,device_Load2,5523.88
155,device_EV,5000.00
155,device_ESS,2389.95
156,device_PV,-6507.71
156,device_Load1,2284.91
156,device_Load2,5779.63
156,device_EV,5000.00
156,device_ESS,2056.83
157,device_PV,-5549.18
157,device_Load1,2365.13
157,device_Load2,5872.13
157,device_EV,5000.00
157,device_ESS,3188.09
158,device_PV,-6267.28
158,device_Load1,2435.23
158,device_Load2,5765.56
158,device_EV,5000.00
158,device_ESS,2433.51
159,device_PV,-5699.77
159,device_Load1,2451.70
159,device_Load2,5657.51
159,device_EV,5000.00
159,device_ESS,2909.43
160,device_PV,-5814.61
160,device_Load1,2415.29
160,device_Load2,5530.28
160,device_EV,5000.00
160,device_ESS,2630.96
161,device_PV,-5830.98
161,device_Load1,2481.17
161,device_Load2,5809.04
161,device_EV,5000.00
161,device_ESS,2959.23
162,device_PV,-6141.45
162,device_Load1,2303.45
162,device_Load2,5624.25
162,device_EV,5000.00
162,device_ESS,2286.25
163,device_PV,-5946.87
163,device_Load1,2376.74
163,device_Load2,5607.26
163,device_EV,5000.00
163,device_ESS,2537.13
164,device_PV,-5652.71
164,device_Load1,2396.77
164,device_Load2,5569.09
164,device_EV,5000.00
164,device_ESS,2813.15
165,device_PV,-6128.70
165,device_Load1,2279.66
165,device_Load2,5818.41
165,device_EV,5000.00
165,device_ESS,2469.37
166,device_PV,-5698.64
166,device_Load1,2421.41
166,device_Load2,5689.48
166,device_EV,5000.00
166,device_ESS,2912.25
167,device_PV,-6399.29
167,device_Load1,2331.05
167,device_Load2,5722.08
167,device_EV,5000.00
167,device_ESS,2153.84
168,device_PV,-5344.73
168,device_Load1,2210.95
168,device_Load2,5552.17
168,device_EV,5000.00
168,device_ESS,2918.40
169,device_PV,-5176.40
169,device_Load1,2291.52
169,device_Load2,5834.59
169,device_EV,5000.00
169,device_ESS,3449.71
170,device_PV,-5624.25
170,device_Load1,2368.06
170,device_Load2,5871.64
170,device_EV,5000.00
170,device_ESS,3115.46
171,device_PV,-5299.37
171,device_Load1,2222.62
171,device_Load2,5507.69
171,device_EV,5000.00
171,device_ESS,2930.93
172,device_PV,-5485.42
172,device_Load1,2360.73
172,device_Load2,5888.94
172,device_EV,5000.00
172,device_ESS,3264.24
173,device_PV,-5508.43
173,device_Load1,2450.26
173,device_Load2,5529.03
173,device_EV,5000.00
173,device_ESS,2970.86
174,device_PV,-4954.98
174,device_Load1,2254.60
174,device_Load2,5673.24
174,device_EV,5000.00
174,device_ESS,3472.86
175,device_PV,-5128.91
175,device_Load1,2435.56
175,device_Load2,5565.83
175,device_EV,5000.00
175,device_ESS,3372.48
176,device_PV,-5349.12
176,device_Load1,2384.45
176,device_Load2,5752.94
176,device_EV,5000.00
176,device_ESS,3288.27
177,device_PV,-5231.02
177,device_Load1,2477.35
177,device_Load2,5872.49
177,device_EV,5000.00
177,device_ESS,3618.81
178,device_PV,-5033.96
178,device_Load1,2452.07
178,device_Load2,5611.08
178,device_EV,5000.00
178,device_ESS,3529.19
179,device_PV,-5068.14
179,device_Load1,2469.60
179,device_Load2,5793.45
179,device_EV,5000.00
179,device_ESS,3694.91
180,device_PV,-3501.67
180,device_Load1,2111.16
180,device_Load2,5563.04
180,device_EV,0.00
180,device_ESS,-327.47
181,device_PV,-4937.07
181,device_Load1,2087.18
181,device_Load2,5667.91
181,device_EV,0.00
181,device_ESS,-1681.98
182,device_PV,-4589.13
182,device_Load1,2226.81
182,device_Load2,5569.31
182,device_EV,0.00
182,device_ESS,-1293.00
183,device_PV,-3559.05
183,device_Load1,2275.70
183,device_Load2,5707.24
183,device_EV,0.00
183,device_ESS,-76.12
184,device_PV,-4724.24
184,device_Load1,2323.89
184,device_Load2,5656.46
184,device_EV,0.00
184,device_ESS,-1243.89
185,device_PV,-4707.41
185,device_Load1,2131.43
185,device_Load2,5725.38
185,device_EV,0.00
185,device_ESS,-1350.61
186,device_PV,-4628.51
186,device_Load1,2119.64
186,device_Load2,5843.98
186,device_EV,0.00
186,device_ESS,-1164.88
187,device_PV,-4962.34
187,device_Load1,2152.73
187,device_Load2,5542.82
187,device_EV,0.00
187,device_ESS,-1766.79
188,device_PV,-4693.14
188,device_Load1,2133.36
188,device_Load2,5707.19
188,device_EV,0.00
188,device_ESS,-1352.59
189,device_PV,-4896.94
189,device_Load1,2125.78
189,device_Load2,5811.89
189,device_EV,0.00
189,device_ESS,-1459.26
190,device_PV,-4540.73
190,device_Load1,2201.21
190,device_Load2,5892.83
190,device_EV,0.00
190,device_ESS,-946.69
191,device_PV,-3582.73
191,device_Load1,2126.96
191,device_Load2,5894.91
191,device_EV,0.00
191,device_ESS,-60.87
192,device_PV,-2881.37
192,device_Load1,2112.22
192,device_Load2,5678.01
192,device_EV,0.00
192,device_ESS,408.86
193,device_PV,-3667.47
193,device_Load1,2143.97
193,device_Load2,5574.70
193,device_EV,0.00
193,device_ESS,-448.80
194,device_PV,-3092.75
194,device_Load1,2185.04
194,device_Load2,5626.47
194,device_EV,0.00
194,device_ESS,218.76
195,device_PV,-3223.57
195,device_Load1,2048.71
195,device_Load2,5790.06
195,device_EV,0.00
195,device_ESS,115.20
196,device_PV,-2785.44
196,device_Load1,2097.69
196,device_Load2,5694.29
196,device_EV,0.00
196,device_ESS,506.54
197,device_PV,-2944.69
197,device_Load1,1940.19
197,device_Load2,5751.69
197,device_EV,0.00
197,device_ESS,247.19
198,device_PV,-3746.69
198,device_Load1,1987.78
198,device_Load2,5715.50
198,device_EV,0.00
198,device_ESS,-543.42
199,device_PV,-3031.75
199,device_Load1,1951.42
199,device_Load2,5883.68
199,device_EV,0.00
199,device_ESS,303.36
200,device_PV,-2596.46
200,device_Load1,2190.58
200,device_Load2,5712.32
200,device_EV,0.00
200,device_ESS,806.44
201,device_PV,-3515.91
201,device_Load1,1945.59
201,device_Load2,5600.43
201,device_EV,0.00
201,device_ESS,-469.89
202,device_PV,-2760.82
202,device_Load1,1958.66
202,device_Load2,5661.42
202,device_EV,0.00
202,device_ESS,359.26
203,device_PV,-2440.02
203,device_Load1,2199.32
203,device_Load2,5831.09
203,device_EV,0.00
203,device_ESS,1090.39
204,device_PV,-1318.75
204,device_Load1,1973.39
204,device_Load2,5733.00
204,device_EV,0.00
204,device_ESS,1887.64
205,device_PV,-1612.91
205,device_Load1,1822.41
205,device_Load2,5860.73
205,device_EV,0.00
205,device_ESS,1570.23
206,device_PV,-1809.02
206,device_Load1,1716.86
206,device_Load2,5620.03
206,device_EV,0.00
206,device_ESS,1027.87
207,device_PV,-1405.71
207,device_Load1,1898.37
207,device_Load2,5815.62
207,device_EV,0.00
207,device_ESS,1808.27
208,device_PV,-2046.17
208,device_Load1,1771.24
208,device_Load2,5662.31
208,device_EV,0.00
208,device_ESS,887.38
209,device_PV,-1065.81
209,device_Load1,1792.68
209,device_Load2,5659.57
209,device_EV,0.00
209,device_ESS,1886.44
210,device_PV,-849.88
210,device_Load1,1813.15
210,device_Load2,5677.42
210,device_EV,0.00
210,device_ESS,2140.70
211,device_PV,-871.69
211,device_Load1,1803.91
211,device_Load2,5719.41
211,device_EV,0.00
211,device_ESS,2151.63
212,device_PV,-1608.35
212,device_Load1,1728.38
212,device_Load2,5606.27
212,device_EV,0.00
212,device_ESS,1226.30
213,device_PV,-841.14
213,device_Load1,1808.85
213,device_Load2,5669.58
213,device_EV,0.00
213,device_ESS,2137.28
214,device_PV,-1431.26
214,device_Load1,1890.84
214,device_Load2,5582.70
214,device_EV,0.00
214,device_ESS,1542.28
215,device_PV,-1016.47
215,device_Load1,1784.39
215,device_Load2,5731.91
215,device_EV,0.00
215,device_ESS,1999.83
216,device_PV,-646.49
216,device_Load1,1583.19
216,device_Load2,2641.89
216,device_EV,0.00
216,device_ESS,-921.41
217,device_PV,-554.67
217,device_Load1,1597.21
217,device_Load2,2565.10
217,device_EV,0.00
217,device_ESS,-892.37
218,device_PV,-0.00
218,device_Load1,1697.70
218,device_Load2,2898.79
218,device_EV,0.00
218,device_ESS,96.49
219,device_PV,-0.00
219,device_Load1,1721.43
219,device_Load2,2805.27
219,device_EV,0.00
219,device_ESS,26.70
220,device_PV,-618.59
220,device_Load1,1621.05
220,device_Load2,2872.97
220,device_EV,0.00
220,device_ESS,-624.56
221,device_PV,-0.00
221,device_Load1,1676.86
221,device_Load2,2856.78
221,device_EV,0.00
221,device_ESS,33.64
222,device_PV,-0.00
222,device_Load1,1520.77
222,device_Load2,2626.46
222,device_EV,0.00
222,device_ESS,-352.77
223,device_PV,-215.84
223,device_Load1,1506.99
223,device_Load2,2650.76
223,device_EV,0.00
223,device_ESS,-558.09
224,device_PV,-0.00
224,device_Load1,1717.57
224,device_Load2,2620.96
224,device_EV,0.00
224,device_ESS,-161.47
225,device_PV,-0.00
225,device_Load1,1530.92
225,device_Load2,2632.81
225,device_EV,0.00
225,device_ESS,-336.28
226,device_PV,-325.61
226,device_Load1,1739.02
226,device_Load2,2896.20
226,device_EV,0.00
226,device_ESS,-190.39
227,device_PV,-0.00
227,device_Load1,1657.23
227,device_Load2,2814.68
227,device_EV,0.00
227,device_ESS,-28.09
228,device_PV,-0.00
228,device_Load1,1532.26
228,device_Load2,2685.34
228,device_EV,0.00
228,device_ESS,-282.40
229,device_PV,-0.00
229,device_Load1,1578.56
229,device_Load2,2650.36
229,device_EV,0.00
229,device_ESS,-271.08
230,device_PV,-270.78
230,device_Load1,1405.14
230,device_Load2,2535.27
230,device_EV,0.00
230,device_ESS,-830.37
231,device_PV,-0.00
231,device_Load1,1309.98
231,device_Load2,2653.45
231,device_EV,0.00
231,device_ESS,-536.58
232,device_PV,-0.00
232,device_Load1,1567.89
232,device_Load2,2852.28
232,device_EV,0.00
232,device_ESS,-79.83
233,device_PV,-0.00
233,device_Load1,1551.48
233,device_Load2,2864.09
233,device_EV,0.00
233,device_ESS,-84.43
234,device_PV,-415.64
234,device_Load1,1336.16
234,device_Load2,2788.06
234,device_EV,0.00
234,device_ESS,-791.41
235,device_PV,-157.36
235,device_Load1,1366.57
235,device_Load2,2816.13
235,device_EV,0.00
235,device_ESS,-474.66
236,device_PV,-579.89
236,device_Load1,1545.17
236,device_Load2,2637.59
236,device_EV,0.00
236,device_ESS,-897.13
237,device_PV,-0.00
237,device_Load1,1512.86
237,device_Load2,2684.84
237,device_EV,0.00
237,device_ESS,-302.30
238,device_PV,-283.60
238,device_Load1,1559.75
238,device_Load2,2711.83
238,device_EV,0.00
238,device_ESS,-512.02
239,device_PV,-0.00
239,device_Load1,1555.51
239,device_Load2,2867.44
239,device_EV,0.00
239,device_ESS,-77.05
240,device_PV,-0.00
240,device_Load1,1339.13
240,device_Load2,2528.08
240,device_EV,0.00
240,device_ESS,-632.79
241,device_PV,-499.40
241,device_Load1,1169.90
241,device_Load2,2526.97
241,device_EV,0.00
241,device_ESS,-1302.53
242,device_PV,-0.00
242,device_Load1,1356.08
242,device_Load2,2746.94
242,device_EV,0.00
242,device_ESS,-396.98
243,device_PV,-0.00
243,device_Load1,1175.27
243,device_Load2,2561.51
243,device_EV,0.00
243,device_ESS,-763.22
244,device_PV,-271.83
244,device_Load1,1124.71
244,device_Load2,2897.29
244,device_EV,0.00
244,device_ESS,-749.83
245,device_PV,-356.56
245,device_Load1,1153.95
245,device_Load2,2752.35
245,device_EV,0.00
245,device_ESS,-950.25
246,device_PV,-0.00
246,device_Load1,1348.50
246,device_Load2,2624.42
246,device_EV,0.00
246,device_ESS,-527.08
247,device_PV,-603.30
247,device_Load1,1227.41
247,device_Load2,2875.35
247,device_EV,0.00
247,device_ESS,-1000.54
248,device_PV,-0.00
248,device_Load1,1113.07
248,device_Load2,2534.02
248,device_EV,0.00
248,device_ESS,-852.91
249,device_PV,-0.00
249,device_Load1,1167.51
249,device_Load2,2592.99
249,device_EV,0.00
249,device_ESS,-739.49
250,device_PV,-529.80
250,device_Load1,1286.55
250,device_Load2,2632.50
250,device_EV,0.00
250,device_ESS,-1110.76
251,device_PV,-0.00
251,device_Load1,1196.05
251,device_Load2,2845.93
251,device_EV,0.00
251,device_ESS,-458.02
252,device_PV,-203.67
252,device_Load1,1122.49
252,device_Load2,2578.62
252,device_EV,0.00
252,device_ESS,-1002.55
253,device_PV,-584.30
253,device_Load1,1104.03
253,device_Load2,2755.13
253,device_EV,0.00
253,device_ESS,-1225.14
254,device_PV,-0.00
254,device_Load1,1137.40
254,device_Load2,2775.39
254,device_EV,0.00
254,device_ESS,-587.21
255,device_PV,-0.00
255,device_Load1,1076.99
255,device_Load2,2772.04
255,device_EV,0.00
255,device_ESS,-650.97
256,device_PV,-0.00
256,device_Load1,1207.23
256,device_Load2,2566.46
256,device_EV,0.00
256,device_ESS,-726.31
257,device_PV,-0.00
257,device_Load1,935.43
257,device_Load2,2879.44
257,device_EV,0.00
257,device_ESS,-685.13
258,device_PV,-287.51
258,device_Load1,1175.60
258,device_Load2,2532.29
258,device_EV,0.00
258,device_ESS,-1079.62
259,device_PV,-623.04
259,device_Load1,1200.44
259,device_Load2,2779.27
259,device_EV,0.00
259,device_ESS,-1143.33
260,device_PV,-0.00
260,device_Load1,952.19
260,device_Load2,2751.64
260,device_EV,0.00
260,device_ESS,-796.17
261,device_PV,-0.00
261,device_Load1,1185.46
261,device_Load2,2685.21
261,device_EV,0.00
261,device_ESS,-629.33
262,device_PV,-0.00
262,device_Load1,1183.67
262,device_Load2,2553.96
262,device_EV,0.00
262,device_ESS,-762.37
263,device_PV,-0.00
263,device_Load1,979.09
263,device_Load2,2631.95
263,device_EV,0.00
263,device_ESS,-888.96
264,device_PV,-145.48
264,device_Load1,1103.55
264,device_Load2,2891.20
264,device_EV,0.00
264,device_ESS,-650.73
265,device_PV,-0.00
265,device_Load1,885.75
265,device_Load2,2746.40
265,device_EV,0.00
265,device_ESS,-867.85
266,device_PV,-137.40
266,device_Load1,813.66
266,device_Load2,2657.03
266,device_EV,0.00
266,device_ESS,-1166.70
267,device_PV,-592.51
267,device_Load1,845.76
267,device_Load2,2745.80
267,device_EV,0.00
267,device_ESS,-1500.95
268,device_PV,-485.47
268,device_Load1,911.53
268,device_Load2,2594.53
268,device_EV,0.00
268,device_ESS,-1479.40
269,device_PV,-0.00
269,device_Load1,941.24
269,device_Load2,2694.49
269,device_EV,0.00
269,device_ESS,-864.28
270,device_PV,-0.00
270,device_Load1,1007.33
270,device_Load2,2769.75
270,device_EV,0.00
270,device_ESS,-722.92
271,device_PV,-129.90
271,device_Load1,881.66
271,device_Load2,2844.60
271,device_EV,0.00
271,device_ESS,-903.64
272,device_PV,-646.06
272,device_Load1,1028.29
272,device_Load2,2851.95
272,device_EV,0.00
272,device_ESS,-1265.82
273,device_PV,-276.36
273,device_Load1,844.05
273,device_Load2,2692.67
273,device_EV,0.00
273,device_ESS,-1239.64
274,device_PV,-0.00
274,device_Load1,972.04
274,device_Load2,2586.24
274,device_EV,0.00
274,device_ESS,-941.71
275,device_PV,-747.02
275,device_Load1,826.24
275,device_Load2,2767.26
275,device_EV,0.00
275,device_ESS,-1653.51
276,device_PV,-0.00
276,device_Load1,755.90
276,device_Load2,2714.13
276,device_EV,0.00
276,device_ESS,-1029.97
277,device_PV,-0.00
277,device_Load1,877.30
277,device_Load2,2762.73
277,device_EV,0.00
277,device_ESS,-859.97
278,device_PV,-0.00
278,device_Load1,826.03
278,device_Load2,2635.73
278,device_EV,0.00
278,device_ESS,-1038.24
279,device_PV,-0.00
279,device_Load1,771.08
279,device_Load2,2642.20
279,device_EV,0.00
279,device_ESS,-1086.72
280,device_PV,-0.00
280,device_Load1,812.87
280,device_Load2,2836.26
280,device_EV,0.00
280,device_ESS,-850.87
281,device_PV,-469.21
281,device_Load1,733.21
281,device_Load2,2516.70
281,device_EV,0.00
281,device_ESS,-1719.30
282,device_PV,-0.00
282,device_Load1,942.38
282,device_Load2,2622.84
282,device_EV,0.00
282,device_ESS,-934.78
283,device_PV,-224.87
283,device_Load1,888.77
283,device_Load2,2628.48
283,device_EV,0.00
283,device_ESS,-1207.63
284,device_PV,-592.87
284,device_Load1,928.43
284,device_Load2,2564.25
284,device_EV,0.00
284,device_ESS,-1600.19
285,device_PV,-0.00
285,device_Load1,1004.05
285,device_Load2,2820.74
285,device_EV,0.00
285,device_ESS,-675.21
286,device_PV,-0.00
286,device_Load1,868.72
286,device_Load2,2513.86
286,device_EV,0.00
286,device_ESS,-1117.42
287,device_PV,-0.00
287,device_Load1,980.44
287,device_Load2,2770.21
287,device_EV,0.00
287,device_ESS,-749.35
